<?xml version="1.0" encoding="UTF-8"?>
<!DOCTYPE suite SYSTEM "http://testng.org/testng-1.0.dtd">
<suite name="Regression Test Suite" parallel="tests" thread-count="2">
    <test name="User Test">
        <classes>
            <class name="com.restassured.example.test.GetUserTest"/>
            <class name="com.restassured.example.test.CreateUserTest"/>
            <class name="com.restassured.example.test.EditUserWithAllFieldsTest"/>
            <class name="com.restassured.example.test.EditUserWithFewFieldsTest"/>
            <class name="com.restassured.example.test.DeleteUserTest"/>
        </classes>
    </test>
</suite>